,month,year,course,state,course_mode_of_travel,id_count
0,3,2013,AIARE 1,Colorado,Ski,1
1,2,2022,AIARE 1,Colorado,"Ski,Splitboard",1
2,7,2023,Avalanche Rescue,Other / International,"Ski,Splitboard",24
3,8,2023,Avalanche Rescue,Other / International,"Ski,Splitboard",20
4,8,2023,Avalanche Rescue,Other / International,"Snowshoe,Ski,Splitboard",12
5,9,2023,AIARE 1,Other / International,"Ski,Splitboard",5
6,11,2023,AIARE 1,Alaska,"Ski,Splitboard",9
7,11,2023,AIARE 1,Colorado,"Snowshoe,Ski,Splitboard",13
8,11,2023,AIARE 1,Washington,"Ski,Splitboard",24
9,11,2023,AIARE 1,Washington,"Snowshoe,Ski,Splitboard",27
10,11,2023,AIARE 1 + Avalanche Rescue,Colorado,"Snowshoe,Ski,Splitboard",11
11,11,2023,Avalanche Rescue,Colorado,"Snowshoe,Ski,Splitboard",17
12,12,2023,AIARE 1,California,"Lift-Assisted,Ski,Splitboard",16
13,12,2023,AIARE 1,California,"Ski,Splitboard",183
14,12,2023,AIARE 1,California,"Snowshoe,Ski,Splitboard",16
15,12,2023,AIARE 1,Colorado,Motorized,36
16,12,2023,AIARE 1,Colorado,"Ski,Splitboard",315
17,12,2023,AIARE 1,Colorado,Snowshoe,2
18,12,2023,AIARE 1,Colorado,"Snowshoe,Ski,Splitboard",164
19,12,2023,AIARE 1,Idaho,"Lift-Assisted,Snowshoe,Ski,Splitboard",17
20,12,2023,AIARE 1,Idaho,Motorized,20
21,12,2023,AIARE 1,Idaho,"Ski,Splitboard",38
22,12,2023,AIARE 1,Montana,"Ski,Splitboard",16
23,12,2023,AIARE 1,Montana,"Ski,Splitboard,Ice/Alpine Climb",6
24,12,2023,AIARE 1,New Hampshire,"Ski,Splitboard",11
25,12,2023,AIARE 1,New Hampshire,"Snowshoe,Ski,Splitboard",66
26,12,2023,AIARE 1,Oregon,"Ski,Splitboard",33
27,12,2023,AIARE 1,Oregon,"Snowshoe,Ski,Splitboard",24
28,12,2023,AIARE 1,Utah,"Lift-Assisted,Ski,Splitboard",16
29,12,2023,AIARE 1,Utah,"Ski,Splitboard",88
30,12,2023,AIARE 1,Washington,"Lift-Assisted,Ski,Splitboard",11
31,12,2023,AIARE 1,Washington,"Ski,Splitboard",178
32,12,2023,AIARE 1,Washington,Snowshoe,5
33,12,2023,AIARE 1,Washington,"Snowshoe,Ski,Splitboard",282
34,12,2023,AIARE 1,Wyoming,Motorized,12
35,12,2023,AIARE 1,Wyoming,"Ski,Splitboard",80
36,12,2023,AIARE 1 + Avalanche Rescue,California,"Lift-Assisted,Ski,Splitboard",10
37,12,2023,AIARE 1 + Avalanche Rescue,Colorado,"Snowshoe,Ski,Splitboard",18
38,12,2023,AIARE 1 + Avalanche Rescue,Washington,"Ski,Splitboard",8
39,12,2023,AIARE 2,California,"Ski,Splitboard",11
40,12,2023,AIARE 2,Colorado,"Ski,Splitboard",6
41,12,2023,AIARE 2,Colorado,Snowshoe,5
42,12,2023,AIARE 2,Idaho,Motorized,5
43,12,2023,AIARE 2,Washington,"Ski,Splitboard",10
44,12,2023,AIARE 2,Washington,"Snowshoe,Ski,Splitboard",9
45,12,2023,AIARE 2,Wyoming,"Ski,Splitboard",8
46,12,2023,AIARE 2 + Avalanche Rescue,Idaho,"Ski,Splitboard",3
47,12,2023,AIARE 2 + Avalanche Rescue,Montana,"Ski,Splitboard",8
48,12,2023,Avalanche Rescue,California,Lift-Assisted,3
49,12,2023,Avalanche Rescue,California,"Ski,Splitboard",35
50,12,2023,Avalanche Rescue,Colorado,"Lift-Assisted,Ski,Splitboard",10
51,12,2023,Avalanche Rescue,Colorado,"Ski,Splitboard",108
52,12,2023,Avalanche Rescue,Colorado,"Snowshoe,Ski,Splitboard",87
53,12,2023,Avalanche Rescue,Idaho,"Lift-Assisted,Snowshoe,Ski,Splitboard",4
54,12,2023,Avalanche Rescue,Idaho,Motorized,8
55,12,2023,Avalanche Rescue,Idaho,"Ski,Splitboard",29
56,12,2023,Avalanche Rescue,New Hampshire,"Snowshoe,Ski,Splitboard",10
57,12,2023,Avalanche Rescue,Oregon,"Ski,Splitboard",12
58,12,2023,Avalanche Rescue,Oregon,"Snowshoe,Ski,Splitboard",12
59,12,2023,Avalanche Rescue,Utah,"Ski,Splitboard",42
60,12,2023,Avalanche Rescue,Vermont,"Snowshoe,Ski,Splitboard",6
61,12,2023,Avalanche Rescue,Washington,"Lift-Assisted,Snowshoe,Ski,Splitboard",9
62,12,2023,Avalanche Rescue,Washington,"Ski,Splitboard",13
63,12,2023,Avalanche Rescue,Washington,"Snowshoe,Ski,Splitboard",102
64,12,2023,Avalanche Rescue,Wyoming,Motorized,3
65,12,2023,Avalanche Rescue,Wyoming,"Ski,Splitboard",9
66,12,2023,Avalanche Rescue,Wyoming,"Snowshoe,Ski,Splitboard",3
67,1,2024,AIARE 1,California,"Lift-Assisted,Ski,Splitboard",50
68,1,2024,AIARE 1,California,"Ski,Splitboard",310
69,1,2024,AIARE 1,California,"Snowshoe,Ski,Splitboard",85
70,1,2024,AIARE 1,Colorado,"Lift-Assisted,Ski,Splitboard",6
71,1,2024,AIARE 1,Colorado,Motorized,39
72,1,2024,AIARE 1,Colorado,"Ski,Splitboard",517
73,1,2024,AIARE 1,Colorado,"Snowshoe,Ski,Splitboard",297
74,1,2024,AIARE 1,Idaho,"Lift-Assisted,Ski,Splitboard",10
75,1,2024,AIARE 1,Idaho,Motorized,46
76,1,2024,AIARE 1,Idaho,"Ski,Splitboard",63
77,1,2024,AIARE 1,Idaho,"Snowshoe,Ski,Splitboard",6
78,1,2024,AIARE 1,Montana,"Lift-Assisted,Ski,Splitboard",18
79,1,2024,AIARE 1,Montana,Motorized,25
80,1,2024,AIARE 1,Montana,"Ski,Splitboard",28
81,1,2024,AIARE 1,New Hampshire,"Ski,Splitboard",16
82,1,2024,AIARE 1,New Hampshire,Snowshoe,2
83,1,2024,AIARE 1,New Hampshire,"Snowshoe,Ski,Splitboard",154
84,1,2024,AIARE 1,Oregon,Motorized,12
85,1,2024,AIARE 1,Oregon,"Ski,Splitboard",174
86,1,2024,AIARE 1,Oregon,"Snowshoe,Ski,Splitboard",48
87,1,2024,AIARE 1,Utah,"Lift-Assisted,Ski,Splitboard",51
88,1,2024,AIARE 1,Utah,Motorized,31
89,1,2024,AIARE 1,Utah,"Ski,Splitboard",118
90,1,2024,AIARE 1,Utah,Snowshoe,4
91,1,2024,AIARE 1,Washington,"Lift-Assisted,Ski,Splitboard",9
92,1,2024,AIARE 1,Washington,"Ski,Splitboard",258
93,1,2024,AIARE 1,Washington,Snowshoe,17
94,1,2024,AIARE 1,Washington,"Snowshoe,Ski,Splitboard",470
95,1,2024,AIARE 1,Wyoming,Motorized,7
96,1,2024,AIARE 1,Wyoming,"Ski,Splitboard",72
97,1,2024,AIARE 1 + Avalanche Rescue,California,"Lift-Assisted,Ski,Splitboard",27
98,1,2024,AIARE 1 + Avalanche Rescue,California,"Ski,Splitboard",6
99,1,2024,AIARE 1 + Avalanche Rescue,Colorado,"Ski,Splitboard",25
100,1,2024,AIARE 1 + Avalanche Rescue,Colorado,"Snowshoe,Ski,Splitboard",57
101,1,2024,AIARE 1 + Avalanche Rescue,New Hampshire,"Snowshoe,Ski,Splitboard",4
102,1,2024,AIARE 1 + Avalanche Rescue,Vermont,"Ski,Splitboard",5
103,1,2024,AIARE 1 + Avalanche Rescue,Washington,"Motorized,Ski,Splitboard",5
104,1,2024,AIARE 1 + Avalanche Rescue,Washington,"Ski,Splitboard",11
105,1,2024,AIARE 2,California,"Lift-Assisted,Ski,Splitboard",7
106,1,2024,AIARE 2,California,"Ski,Splitboard",33
107,1,2024,AIARE 2,Colorado,Motorized,5
108,1,2024,AIARE 2,Colorado,"Motorized,Lift-Assisted,Ski,Splitboard",8
109,1,2024,AIARE 2,Colorado,"Ski,Splitboard",34
110,1,2024,AIARE 2,Idaho,"Ski,Splitboard",17
111,1,2024,AIARE 2,Oregon,Motorized,11
112,1,2024,AIARE 2,Oregon,"Ski,Splitboard",5
113,1,2024,AIARE 2,Utah,Motorized,9
114,1,2024,AIARE 2,Utah,"Ski,Splitboard",24
115,1,2024,AIARE 2,Washington,"Ski,Splitboard",3
116,1,2024,AIARE 2,Washington,"Snowshoe,Ski,Splitboard",47
117,1,2024,AIARE 2,Wyoming,"Ski,Splitboard",3
118,1,2024,AIARE 2 + Avalanche Rescue,California,"Snowshoe,Ski,Splitboard",6
119,1,2024,AIARE 2 + Avalanche Rescue,Colorado,"Snowshoe,Ski,Splitboard",5
120,1,2024,AIARE 2 + Avalanche Rescue,Oregon,"Ski,Splitboard",8
121,1,2024,AIARE 2 + Avalanche Rescue,Other / International,"Snowshoe,Ski,Splitboard",12
122,1,2024,Avalanche Rescue,California,Lift-Assisted,9
123,1,2024,Avalanche Rescue,California,"Ski,Splitboard",104
124,1,2024,Avalanche Rescue,California,"Snowshoe,Ski,Splitboard",15
125,1,2024,Avalanche Rescue,Colorado,Motorized,12
126,1,2024,Avalanche Rescue,Colorado,"Motorized,Ski,Splitboard",18
127,1,2024,Avalanche Rescue,Colorado,"Ski,Splitboard",110
128,1,2024,Avalanche Rescue,Colorado,"Snowshoe,Ski,Splitboard",92
129,1,2024,Avalanche Rescue,Idaho,"Lift-Assisted,Ski,Splitboard",8
130,1,2024,Avalanche Rescue,Idaho,Motorized,13
131,1,2024,Avalanche Rescue,Idaho,"Ski,Splitboard",12
132,1,2024,Avalanche Rescue,Montana,Motorized,4
133,1,2024,Avalanche Rescue,New Hampshire,"Ski,Splitboard,Snowshoe",6
134,1,2024,Avalanche Rescue,New Hampshire,"Snowshoe,Ski,Splitboard",41
135,1,2024,Avalanche Rescue,Oregon,Lift-Assisted,9
136,1,2024,Avalanche Rescue,Oregon,Motorized,18
137,1,2024,Avalanche Rescue,Oregon,"Ski,Splitboard",25
138,1,2024,Avalanche Rescue,Oregon,"Ski,Splitboard,Snowshoe",2
139,1,2024,Avalanche Rescue,Oregon,"Snowshoe,Ski,Splitboard",5
140,1,2024,Avalanche Rescue,Utah,Motorized,9
141,1,2024,Avalanche Rescue,Utah,"Motorized,Snowshoe,Ski,Splitboard",21
142,1,2024,Avalanche Rescue,Utah,"Ski,Splitboard",57
143,1,2024,Avalanche Rescue,Vermont,"Snowshoe,Ski,Splitboard",6
144,1,2024,Avalanche Rescue,Washington,"Lift-Assisted,Snowshoe,Ski,Splitboard",3
145,1,2024,Avalanche Rescue,Washington,"Ski,Splitboard",26
146,1,2024,Avalanche Rescue,Washington,Snowshoe,11
147,1,2024,Avalanche Rescue,Washington,"Snowshoe,Ski,Splitboard",95
148,1,2024,Avalanche Rescue,Wyoming,"Ski,Splitboard",21
149,2,2024,AIARE 1,Alaska,"Ski,Splitboard",4
150,2,2024,AIARE 1,California,"Lift-Assisted,Ski,Splitboard",26
151,2,2024,AIARE 1,California,"Ski,Splitboard",299
152,2,2024,AIARE 1,California,Snowshoe,6
153,2,2024,AIARE 1,California,"Snowshoe,Ski,Splitboard",87
154,2,2024,AIARE 1,Colorado,Motorized,21
155,2,2024,AIARE 1,Colorado,"Ski,Splitboard",388
156,2,2024,AIARE 1,Colorado,Snowshoe,9
157,2,2024,AIARE 1,Colorado,"Snowshoe,Ski,Splitboard",141
158,2,2024,AIARE 1,Colorado,"Snowshoe,Ski,Splitboard,Ice/Alpine Climb",11
159,2,2024,AIARE 1,Idaho,Motorized,20
160,2,2024,AIARE 1,Idaho,"Motorized,Ski,Splitboard",6
161,2,2024,AIARE 1,Idaho,"Ski,Splitboard",27
162,2,2024,AIARE 1,Montana,Motorized,12
163,2,2024,AIARE 1,Montana,"Ski,Splitboard",33
164,2,2024,AIARE 1,New Hampshire,"Ski,Splitboard",18
165,2,2024,AIARE 1,New Hampshire,"Snowshoe,Ski,Splitboard",121
166,2,2024,AIARE 1,New Mexico,"Ski,Splitboard",4
167,2,2024,AIARE 1,New Mexico,"Snowshoe,Ski,Splitboard",5
168,2,2024,AIARE 1,New York,"Snowshoe,Ski,Splitboard",18
169,2,2024,AIARE 1,Oregon,Motorized,3
170,2,2024,AIARE 1,Oregon,"Ski,Splitboard",109
171,2,2024,AIARE 1,Oregon,"Snowshoe,Ski,Splitboard",47
172,2,2024,AIARE 1,Other / International,"Ski,Splitboard",3
173,2,2024,AIARE 1,Utah,"Lift-Assisted,Ski,Splitboard",35
174,2,2024,AIARE 1,Utah,"Ski,Splitboard",63
175,2,2024,AIARE 1,Utah,"Snowshoe,Ski,Splitboard",9
176,2,2024,AIARE 1,Washington,"Lift-Assisted,Ski,Splitboard",9
177,2,2024,AIARE 1,Washington,"Ski,Splitboard",95
178,2,2024,AIARE 1,Washington,Snowshoe,17
179,2,2024,AIARE 1,Washington,"Snowshoe,Ski,Splitboard",300
180,2,2024,AIARE 1,Wyoming,"Ski,Splitboard",64
181,2,2024,AIARE 1 + Avalanche Rescue,California,"Lift-Assisted,Ski,Splitboard",12
182,2,2024,AIARE 1 + Avalanche Rescue,Colorado,Motorized,6
183,2,2024,AIARE 1 + Avalanche Rescue,Colorado,"Snowshoe,Ski,Splitboard",24
184,2,2024,AIARE 1 + Avalanche Rescue,Idaho,"Ski,Splitboard",8
185,2,2024,AIARE 1 + Avalanche Rescue,Other / International,"Ski,Splitboard",6
186,2,2024,AIARE 1 + Avalanche Rescue,Vermont,"Ski,Splitboard",27
187,2,2024,AIARE 1 + Avalanche Rescue,Washington,"Ski,Splitboard",14
188,2,2024,AIARE 2,California,"Ski,Splitboard",16
189,2,2024,AIARE 2,California,"Snowshoe,Ski,Splitboard",6
190,2,2024,AIARE 2,Colorado,"Ski,Splitboard",77
191,2,2024,AIARE 2,Colorado,"Snowshoe,Ski,Splitboard",16
192,2,2024,AIARE 2,Idaho,"Ski,Splitboard",15
193,2,2024,AIARE 2,Montana,Motorized,3
194,2,2024,AIARE 2,New Hampshire,"Snowshoe,Ski,Splitboard",9
195,2,2024,AIARE 2,Oregon,"Ski,Splitboard",21
196,2,2024,AIARE 2,Utah,"Lift-Assisted,Ski,Splitboard",7
197,2,2024,AIARE 2,Utah,"Ski,Splitboard",6
198,2,2024,AIARE 2,Washington,"Ski,Splitboard",40
199,2,2024,AIARE 2,Washington,"Snowshoe,Ski,Splitboard",26
200,2,2024,AIARE 2,Wyoming,Motorized,8
201,2,2024,AIARE 2,Wyoming,"Ski,Splitboard",6
202,2,2024,AIARE 2 + Avalanche Rescue,California,"Snowshoe,Ski,Splitboard",7
203,2,2024,AIARE 2 + Avalanche Rescue,Colorado,"Snowshoe,Ski,Splitboard",7
204,2,2024,AIARE 2 + Avalanche Rescue,Other / International,"Ski,Splitboard",4
205,2,2024,Avalanche Rescue,California,Lift-Assisted,6
206,2,2024,Avalanche Rescue,California,"Lift-Assisted,Ski,Splitboard",3
207,2,2024,Avalanche Rescue,California,"Ski,Splitboard",37
208,2,2024,Avalanche Rescue,California,"Snowshoe,Ski,Splitboard",12
209,2,2024,Avalanche Rescue,Colorado,Motorized,7
210,2,2024,Avalanche Rescue,Colorado,"Ski,Splitboard",101
211,2,2024,Avalanche Rescue,Colorado,"Snowshoe,Ski,Splitboard",51
212,2,2024,Avalanche Rescue,Idaho,Motorized,12
213,2,2024,Avalanche Rescue,Idaho,"Ski,Splitboard",20
214,2,2024,Avalanche Rescue,Montana,"Snowshoe,Ski,Splitboard",7
215,2,2024,Avalanche Rescue,New Hampshire,"Snowshoe,Ski,Splitboard",40
216,2,2024,Avalanche Rescue,New Mexico,"Snowshoe,Ski,Splitboard",20
217,2,2024,Avalanche Rescue,New York,"Snowshoe,Ski,Splitboard",33
218,2,2024,Avalanche Rescue,Oregon,"Ski,Splitboard",36
219,2,2024,Avalanche Rescue,Utah,"Ski,Splitboard",4
220,2,2024,Avalanche Rescue,Vermont,"Snowshoe,Ski,Splitboard",3
221,2,2024,Avalanche Rescue,Washington,"Ski,Splitboard",17
222,2,2024,Avalanche Rescue,Washington,"Snowshoe,Ski,Splitboard",35
223,2,2024,Avalanche Rescue,Wyoming,"Ski,Splitboard",3
224,2,2024,Avalanche Rescue,Wyoming,"Snowshoe,Ski,Splitboard",2
225,3,2024,AIARE 1,California,Lift-Assisted,5
226,3,2024,AIARE 1,California,"Lift-Assisted,Ski,Splitboard",29
227,3,2024,AIARE 1,California,"Ski,Splitboard",179
228,3,2024,AIARE 1,California,"Snowshoe,Ski,Splitboard",75
229,3,2024,AIARE 1,Colorado,"Lift-Assisted,Snowshoe,Ski,Splitboard",6
230,3,2024,AIARE 1,Colorado,Motorized,28
231,3,2024,AIARE 1,Colorado,"Ski,Splitboard",288
232,3,2024,AIARE 1,Colorado,Snowshoe,1
233,3,2024,AIARE 1,Colorado,"Snowshoe,Ski,Splitboard",88
234,3,2024,AIARE 1,Idaho,"Ski,Splitboard",15
235,3,2024,AIARE 1,New Hampshire,"Snowshoe,Ski,Splitboard",139
236,3,2024,AIARE 1,Oregon,"Ski,Splitboard",43
237,3,2024,AIARE 1,Oregon,"Snowshoe,Ski,Splitboard",24
238,3,2024,AIARE 1,Utah,"Lift-Assisted,Ski,Splitboard",40
239,3,2024,AIARE 1,Utah,"Ski,Splitboard",60
240,3,2024,AIARE 1,Washington,"Lift-Assisted,Ski,Splitboard",17
241,3,2024,AIARE 1,Washington,"Ski,Splitboard",73
242,3,2024,AIARE 1,Washington,"Snowshoe,Ski,Splitboard",57
243,3,2024,AIARE 1,Wyoming,"Ski,Splitboard",31
244,3,2024,AIARE 1 + Avalanche Rescue,California,"Lift-Assisted,Ski,Splitboard",7
245,3,2024,AIARE 1 + Avalanche Rescue,Colorado,"Snowshoe,Ski,Splitboard",8
246,3,2024,AIARE 1 + Avalanche Rescue,Vermont,"Ski,Splitboard",8
247,3,2024,AIARE 2,California,"Ski,Splitboard",8
248,3,2024,AIARE 2,California,"Snowshoe,Ski,Splitboard",5
249,3,2024,AIARE 2,Colorado,"Ski,Splitboard",46
250,3,2024,AIARE 2,Colorado,"Snowshoe,Ski,Splitboard",9
251,3,2024,AIARE 2,Idaho,"Ski,Splitboard",3
252,3,2024,AIARE 2,New Hampshire,"Ski,Splitboard",2
253,3,2024,AIARE 2,New Hampshire,"Snowshoe,Ski,Splitboard",5
254,3,2024,AIARE 2,Oregon,"Lift-Assisted,Ski,Splitboard",5
255,3,2024,AIARE 2,Utah,"Motorized,Ski,Splitboard",3
256,3,2024,AIARE 2,Washington,"Ski,Splitboard",21
257,3,2024,AIARE 2,Wyoming,"Ski,Splitboard",8
258,3,2024,AIARE 2 + Avalanche Rescue,California,"Ski,Splitboard",4
259,3,2024,AIARE 2 + Avalanche Rescue,California,"Snowshoe,Ski,Splitboard",7
260,3,2024,AIARE 2 + Avalanche Rescue,Colorado,"Ski,Splitboard",3
261,3,2024,AIARE 2 + Avalanche Rescue,Colorado,"Snowshoe,Ski,Splitboard",4
262,3,2024,AIARE 2 + Avalanche Rescue,Montana,"Ski,Splitboard",17
263,3,2024,AIARE 2 + Avalanche Rescue,Utah,Motorized,3
264,3,2024,Avalanche Rescue,California,Lift-Assisted,6
265,3,2024,Avalanche Rescue,California,"Ski,Splitboard",25
266,3,2024,Avalanche Rescue,California,"Snowshoe,Ski,Splitboard",8
267,3,2024,Avalanche Rescue,Colorado,Motorized,8
268,3,2024,Avalanche Rescue,Colorado,"Ski,Splitboard",44
269,3,2024,Avalanche Rescue,Colorado,"Snowshoe,Ski,Splitboard",45
270,3,2024,Avalanche Rescue,Montana,"Snowshoe,Ski,Splitboard",11
271,3,2024,Avalanche Rescue,New Hampshire,"Snowshoe,Ski,Splitboard",26
272,3,2024,Avalanche Rescue,Utah,"Ski,Splitboard",9
273,3,2024,Avalanche Rescue,Washington,"Ski,Splitboard",5
274,3,2024,Avalanche Rescue,Washington,"Snowshoe,Ski,Splitboard",11
275,3,2024,Avalanche Rescue,Wyoming,"Ski,Splitboard",11
276,4,2024,AIARE 1,California,"Ski,Splitboard",39
277,4,2024,AIARE 1,California,"Snowshoe,Ski,Splitboard",50
278,4,2024,AIARE 1,Colorado,Motorized,9
279,4,2024,AIARE 1,Colorado,"Ski,Splitboard",42
280,4,2024,AIARE 1,Colorado,"Snowshoe,Ski,Splitboard",22
281,4,2024,AIARE 1,New Hampshire,"Snowshoe,Ski,Splitboard",6
282,4,2024,AIARE 1,Washington,"Lift-Assisted,Ski,Splitboard",6
283,4,2024,AIARE 1,Washington,"Ski,Splitboard",15
284,4,2024,AIARE 1 + Avalanche Rescue,California,"Lift-Assisted,Ski,Splitboard",11
285,4,2024,AIARE 1 + Avalanche Rescue,Colorado,Motorized,10
286,4,2024,AIARE 1 + Avalanche Rescue,Colorado,"Snowshoe,Ski,Splitboard",5
287,4,2024,AIARE 1 + Avalanche Rescue,Washington,"Ski,Splitboard",14
288,4,2024,AIARE 2,California,Lift-Assisted,3
289,4,2024,AIARE 2,Colorado,Motorized,9
290,4,2024,AIARE 2,Colorado,"Ski,Splitboard",16
291,4,2024,AIARE 2 + Avalanche Rescue,Colorado,Motorized,6
292,4,2024,Avalanche Rescue,California,Lift-Assisted,12
293,4,2024,Avalanche Rescue,California,"Ski,Splitboard",3
294,4,2024,Avalanche Rescue,Colorado,Motorized,6
295,4,2024,Avalanche Rescue,Colorado,"Ski,Splitboard",6
296,4,2024,Avalanche Rescue,Colorado,"Snowshoe,Ski,Splitboard",13
297,4,2024,Avalanche Rescue,Washington,"Ski,Splitboard",4
298,6,2024,Avalanche Rescue,Other / International,"Snowshoe,Ski,Splitboard",6
299,7,2024,AIARE 1,Alaska,"Ski,Splitboard",6
300,7,2024,Avalanche Rescue,Other / International,"Ski,Splitboard",7
301,8,2024,AIARE 1,Alaska,"Ski,Splitboard",6
302,8,2024,AIARE 1 + Avalanche Rescue,Alaska,Ice/Alpine Climb,7
303,8,2024,Avalanche Rescue,Alaska,"Ski,Splitboard",6
304,11,2024,AIARE 1,Colorado,"Snowshoe,Ski,Splitboard",19
305,11,2024,AIARE 1,Washington,"Ski,Splitboard",8
306,11,2024,AIARE 1,Washington,"Snowshoe,Ski,Splitboard",6
307,11,2024,AIARE 1 + Avalanche Rescue,Colorado,"Snowshoe,Ski,Splitboard",7
308,11,2024,Avalanche Rescue,Colorado,Ski,9
309,11,2024,Avalanche Rescue,Colorado,"Snowshoe,Ski,Splitboard",6
310,12,2024,AIARE 1,Alaska,"Snowshoe,Ski,Splitboard",12
311,12,2024,AIARE 1,California,Ski,5
312,12,2024,AIARE 1,California,"Ski,Splitboard",140
313,12,2024,AIARE 1,California,Snowshoe,2
314,12,2024,AIARE 1,California,"Snowshoe,Ski,Splitboard",27
315,12,2024,AIARE 1,California,"Snowshoe,Ski,Splitboard,Ice/Alpine Climb",12
316,12,2024,AIARE 1,Colorado,"Lift-Assisted,Ski",1
317,12,2024,AIARE 1,Colorado,"Lift-Assisted,Ski,Splitboard",18
318,12,2024,AIARE 1,Colorado,Motorized,22
319,12,2024,AIARE 1,Colorado,Ski,3
320,12,2024,AIARE 1,Colorado,"Ski,Splitboard",222
321,12,2024,AIARE 1,Colorado,"Snowshoe,Ski,Splitboard",73
322,12,2024,AIARE 1,Idaho,Motorized,13
323,12,2024,AIARE 1,Idaho,"Ski,Splitboard",10
324,12,2024,AIARE 1,Montana,"Lift-Assisted,Ski,Splitboard",7
325,12,2024,AIARE 1,Montana,Motorized,4
326,12,2024,AIARE 1,Montana,"Ski,Splitboard",16
327,12,2024,AIARE 1,New Hampshire,"Ski,Splitboard",6
328,12,2024,AIARE 1,New Hampshire,"Snowshoe,Ski,Splitboard",68
329,12,2024,AIARE 1,Oregon,"Ski,Splitboard",21
330,12,2024,AIARE 1,Oregon,"Snowshoe,Ski,Splitboard",77
331,12,2024,AIARE 1,Utah,"Lift-Assisted,Ski,Splitboard",42
332,12,2024,AIARE 1,Utah,Motorized,4
333,12,2024,AIARE 1,Utah,"Motorized,Ski,Splitboard",3
334,12,2024,AIARE 1,Utah,"Motorized,Ski,Splitboard,Ice/Alpine Climb",13
335,12,2024,AIARE 1,Utah,"Ski,Splitboard",105
336,12,2024,AIARE 1,Washington,Ski,4
337,12,2024,AIARE 1,Washington,"Ski,Splitboard",183
338,12,2024,AIARE 1,Washington,Snowshoe,12
339,12,2024,AIARE 1,Washington,"Snowshoe,Ski",13
340,12,2024,AIARE 1,Washington,"Snowshoe,Ski,Splitboard",179
341,12,2024,AIARE 1,Wyoming,"Ski,Splitboard",45
342,12,2024,AIARE 1 + Avalanche Rescue,California,"Lift-Assisted,Ski,Splitboard",10
343,12,2024,AIARE 1 + Avalanche Rescue,California,"Ski,Splitboard",6
344,12,2024,AIARE 1 + Avalanche Rescue,Colorado,"Snowshoe,Ski,Splitboard",11
345,12,2024,AIARE 1 + Avalanche Rescue,New Hampshire,"Lift-Assisted,Snowshoe,Ski,Ice/Alpine Climb",6
346,12,2024,AIARE 1 + Avalanche Rescue,New Mexico,"Ski,Splitboard",4
347,12,2024,AIARE 1 + Avalanche Rescue,Washington,"Ski,Splitboard",19
348,12,2024,AIARE 2,California,"Ski,Splitboard",16
349,12,2024,AIARE 2,Colorado,"Ski,Splitboard",5
350,12,2024,AIARE 2,Idaho,Motorized,7
351,12,2024,AIARE 2,Utah,"Lift-Assisted,Ski,Splitboard",5
352,12,2024,AIARE 2,Utah,"Ski,Splitboard",11
353,12,2024,AIARE 2,Washington,"Snowshoe,Ski,Splitboard",16
354,12,2024,AIARE 2 + Avalanche Rescue,New Hampshire,"Ski,Splitboard",7
355,12,2024,Avalanche Rescue,California,"Lift-Assisted,Ski,Splitboard",18
356,12,2024,Avalanche Rescue,California,"Ski,Splitboard",15
357,12,2024,Avalanche Rescue,California,"Snowshoe,Ski,Splitboard",12
358,12,2024,Avalanche Rescue,Colorado,Lift-Assisted,5
359,12,2024,Avalanche Rescue,Colorado,"Lift-Assisted,Ski",6
360,12,2024,Avalanche Rescue,Colorado,"Lift-Assisted,Ski,Splitboard",3
361,12,2024,Avalanche Rescue,Colorado,Ski,10
362,12,2024,Avalanche Rescue,Colorado,"Ski,Splitboard",41
363,12,2024,Avalanche Rescue,Colorado,"Snowshoe,Ski,Splitboard",56
364,12,2024,Avalanche Rescue,Colorado ,Motorized,5
365,12,2024,Avalanche Rescue,Idaho,Motorized,10
366,12,2024,Avalanche Rescue,Idaho,"Ski,Splitboard",27
367,12,2024,Avalanche Rescue,Nevada,"Lift-Assisted,Ski,Splitboard",8
368,12,2024,Avalanche Rescue,New Hampshire,"Snowshoe,Ski,Splitboard",22
369,12,2024,Avalanche Rescue,New Mexico,"Snowshoe,Ski,Splitboard",3
370,12,2024,Avalanche Rescue,Oregon,"Snowshoe,Ski,Splitboard",21
371,12,2024,Avalanche Rescue,Utah,"Motorized,Ski,Splitboard",10
372,12,2024,Avalanche Rescue,Utah,"Ski,Splitboard",44
373,12,2024,Avalanche Rescue,Utah,"Snowshoe,Ski,Splitboard",9
374,12,2024,Avalanche Rescue,Vermont,"Ski,Splitboard,Ice/Alpine Climb",3
375,12,2024,Avalanche Rescue,Washington,"Ski,Splitboard",19
376,12,2024,Avalanche Rescue,Washington,"Snowshoe,Ski,Splitboard",91
377,12,2024,Avalanche Rescue,Washington,"Snowshoe,Ski,Splitboard,Ice/Alpine Climb",14
378,12,2024,Avalanche Rescue,Wyoming,Motorized,3
379,12,2024,Avalanche Rescue,Wyoming,"Ski,Splitboard",10
380,1,2025,AIARE 1,California,"Lift-Assisted,Ski,Splitboard",13
381,1,2025,AIARE 1,California,"Ski,Splitboard",291
382,1,2025,AIARE 1,California,"Ski,Splitboard,Ice/Alpine Climb",4
383,1,2025,AIARE 1,California,Snowshoe,1
384,1,2025,AIARE 1,California,"Snowshoe,Ski,Splitboard",58
385,1,2025,AIARE 1,California,"Snowshoe,Ski,Splitboard,Ice/Alpine Climb",18
386,1,2025,AIARE 1,California,Splitboard,12
387,1,2025,AIARE 1,Colorado,Ice/Alpine Climb,4
388,1,2025,AIARE 1,Colorado,"Lift-Assisted,Ski,Splitboard",54
389,1,2025,AIARE 1,Colorado,Motorized,47
390,1,2025,AIARE 1,Colorado,"Motorized,Ski,Splitboard",6
391,1,2025,AIARE 1,Colorado,Ski,23
392,1,2025,AIARE 1,Colorado,"Ski,Splitboard",475
393,1,2025,AIARE 1,Colorado,Snowshoe,17
394,1,2025,AIARE 1,Colorado,"Snowshoe,Ski,Splitboard",204
395,1,2025,AIARE 1,Colorado,Splitboard,17
396,1,2025,AIARE 1,Colorado ,Motorized,11
397,1,2025,AIARE 1,Idaho,"Lift-Assisted,Ski,Splitboard",10
398,1,2025,AIARE 1,Idaho,Motorized,22
399,1,2025,AIARE 1,Idaho,"Ski,Splitboard",78
400,1,2025,AIARE 1,Idaho,"Snowshoe,Ski",4
401,1,2025,AIARE 1,Maine,"Lift-Assisted,Ski,Splitboard",15
402,1,2025,AIARE 1,Montana,"Lift-Assisted,Ski,Splitboard",9
403,1,2025,AIARE 1,Montana,Motorized,29
404,1,2025,AIARE 1,Montana,"Motorized,Ski",20
405,1,2025,AIARE 1,Montana,Ski,12
406,1,2025,AIARE 1,New Hampshire,Ski,6
407,1,2025,AIARE 1,New Hampshire,"Ski,Splitboard",7
408,1,2025,AIARE 1,New Hampshire,"Snowshoe,Ski,Splitboard",138
409,1,2025,AIARE 1,Oregon,Motorized,28
410,1,2025,AIARE 1,Oregon,"Ski,Splitboard",105
411,1,2025,AIARE 1,Oregon,"Snowshoe,Ski",16
412,1,2025,AIARE 1,Oregon,"Snowshoe,Ski,Splitboard",63
413,1,2025,AIARE 1,Utah,"Lift-Assisted,Ski,Splitboard",74
414,1,2025,AIARE 1,Utah,Motorized,26
415,1,2025,AIARE 1,Utah,"Motorized,Ski,Splitboard",2
416,1,2025,AIARE 1,Utah,"Ski,Splitboard",129
417,1,2025,AIARE 1,Washington,"Lift-Assisted,Ski,Splitboard",11
418,1,2025,AIARE 1,Washington,"Lift-Assisted,Snowshoe,Ski,Splitboard",3
419,1,2025,AIARE 1,Washington,Ski,11
420,1,2025,AIARE 1,Washington,"Ski,Splitboard",357
421,1,2025,AIARE 1,Washington,Snowshoe,38
422,1,2025,AIARE 1,Washington,"Snowshoe,Ski",6
423,1,2025,AIARE 1,Washington,"Snowshoe,Ski,Splitboard",281
424,1,2025,AIARE 1,Wyoming,Motorized,9
425,1,2025,AIARE 1,Wyoming,"Ski,Splitboard",75
426,1,2025,AIARE 1 + Avalanche Rescue,California,"Lift-Assisted,Ski,Splitboard",19
427,1,2025,AIARE 1 + Avalanche Rescue,California,"Ski,Splitboard",8
428,1,2025,AIARE 1 + Avalanche Rescue,Colorado,Motorized,9
429,1,2025,AIARE 1 + Avalanche Rescue,Colorado,Ski,1
430,1,2025,AIARE 1 + Avalanche Rescue,Colorado,"Snowshoe,Ski",6
431,1,2025,AIARE 1 + Avalanche Rescue,Colorado,"Snowshoe,Ski,Splitboard",75
432,1,2025,AIARE 1 + Avalanche Rescue,Idaho,"Ski,Splitboard",10
433,1,2025,AIARE 1 + Avalanche Rescue,Utah,"Ski,Splitboard",10
434,1,2025,AIARE 1 + Avalanche Rescue,Vermont,"Ski,Splitboard",10
435,1,2025,AIARE 1 + Avalanche Rescue,Washington,"Ski,Splitboard",41
436,1,2025,AIARE 2,California,"Ski,Splitboard",52
437,1,2025,AIARE 2,California,"Snowshoe,Ski,Splitboard",7
438,1,2025,AIARE 2,Colorado,Ski,9
439,1,2025,AIARE 2,Colorado,"Ski,Splitboard",20
440,1,2025,AIARE 2,Colorado,"Snowshoe,Ski,Splitboard",9
441,1,2025,AIARE 2,Idaho,"Ski,Splitboard",8
442,1,2025,AIARE 2,Montana,Motorized,6
443,1,2025,AIARE 2,Oregon,Motorized,4
444,1,2025,AIARE 2,Utah,Motorized,13
445,1,2025,AIARE 2,Utah,"Ski,Splitboard",14
446,1,2025,AIARE 2,Washington,Ski,14
447,1,2025,AIARE 2,Washington,"Ski,Splitboard",17
448,1,2025,AIARE 2,Washington,"Snowshoe,Ski,Splitboard",50
449,1,2025,AIARE 2,Wyoming,"Ski,Splitboard",18
450,1,2025,AIARE 2 + Avalanche Rescue,Idaho,"Ski,Splitboard",10
451,1,2025,AIARE 2 + Avalanche Rescue,Montana,"Ski,Splitboard",7
452,1,2025,AIARE 2 + Avalanche Rescue,Oregon,"Ski,Splitboard",11
453,1,2025,AIARE 2 + Avalanche Rescue,Utah,Motorized,11
454,1,2025,Avalanche Rescue,California,"Lift-Assisted,Ski,Splitboard",15
455,1,2025,Avalanche Rescue,California,Ski,6
456,1,2025,Avalanche Rescue,California,"Ski,Splitboard",61
457,1,2025,Avalanche Rescue,California,"Ski,Splitboard,Lift-Assisted",6
458,1,2025,Avalanche Rescue,California,"Snowshoe,Ski,Splitboard",28
459,1,2025,Avalanche Rescue,California,"Snowshoe,Ski,Splitboard,Ice/Alpine Climb",5
460,1,2025,Avalanche Rescue,Colorado,"Lift-Assisted,Ski,Splitboard",17
461,1,2025,Avalanche Rescue,Colorado,"Motorized,Ski,Splitboard",2
462,1,2025,Avalanche Rescue,Colorado,Ski,1
463,1,2025,Avalanche Rescue,Colorado,"Ski,Splitboard",68
464,1,2025,Avalanche Rescue,Colorado,"Snowshoe,Ski,Splitboard",60
465,1,2025,Avalanche Rescue,Colorado,Splitboard,6
466,1,2025,Avalanche Rescue,Idaho,Motorized,11
467,1,2025,Avalanche Rescue,Idaho,"Ski,Splitboard",26
468,1,2025,Avalanche Rescue,Montana,Motorized,2
469,1,2025,Avalanche Rescue,Montana,"Ski,Splitboard",4
470,1,2025,Avalanche Rescue,New Hampshire,"Lift-Assisted,Snowshoe,Ski,Splitboard",4
471,1,2025,Avalanche Rescue,New Hampshire,Snowshoe,7
472,1,2025,Avalanche Rescue,New Hampshire,"Snowshoe,Ski,Splitboard",15
473,1,2025,Avalanche Rescue,New Hampshire,"Snowshoe,Ski,Splitboard,Ice/Alpine Climb",7
474,1,2025,Avalanche Rescue,Oregon,Motorized,10
475,1,2025,Avalanche Rescue,Oregon,Ski,10
476,1,2025,Avalanche Rescue,Oregon,"Ski,Splitboard",23
477,1,2025,Avalanche Rescue,Oregon,"Snowshoe,Ski",10
478,1,2025,Avalanche Rescue,Oregon,"Snowshoe,Ski,Splitboard",24
479,1,2025,Avalanche Rescue,Utah,"Motorized,Ski,Splitboard",4
480,1,2025,Avalanche Rescue,Utah,"Ski,Splitboard",42
481,1,2025,Avalanche Rescue,Utah,"Ski,Splitboard,Motorized",5
482,1,2025,Avalanche Rescue,Utah,"Snowshoe,Ski,Splitboard",23
483,1,2025,Avalanche Rescue,Vermont,"Ski,Splitboard,Ice/Alpine Climb",6
484,1,2025,Avalanche Rescue,Washington,"Lift-Assisted,Ski,Splitboard",2
485,1,2025,Avalanche Rescue,Washington,"Lift-Assisted,Snowshoe,Ski,Splitboard",3
486,1,2025,Avalanche Rescue,Washington,Ski,2
487,1,2025,Avalanche Rescue,Washington,"Ski,Splitboard",34
488,1,2025,Avalanche Rescue,Washington,"Snowshoe,Ski,Splitboard",98
489,1,2025,Avalanche Rescue,Washington,"Snowshoe,Ski,Splitboard,Ice/Alpine Climb",5
490,1,2025,Avalanche Rescue,Washington,"Snowshoe,Splitboard",12
491,1,2025,Avalanche Rescue,Wyoming,Motorized,8
492,1,2025,Avalanche Rescue,Wyoming,"Ski,Splitboard",3
493,2,2025,AIARE 1,Alaska,"Snowshoe,Ski,Splitboard",6
494,2,2025,AIARE 1,California,"Lift-Assisted,Ski,Splitboard",10
495,2,2025,AIARE 1,California,Ski,1
496,2,2025,AIARE 1,California,"Ski,Splitboard",209
497,2,2025,AIARE 1,California,Snowshoe,3
498,2,2025,AIARE 1,California,"Snowshoe,Ski,Splitboard",87
499,2,2025,AIARE 1,California,"Snowshoe,Ski,Splitboard,Ice/Alpine Climb",6
500,2,2025,AIARE 1,Colorado,Ice/Alpine Climb,4
501,2,2025,AIARE 1,Colorado,"Lift-Assisted,Ski,Splitboard",31
502,2,2025,AIARE 1,Colorado,Motorized,23
503,2,2025,AIARE 1,Colorado,"Motorized,Ski,Splitboard",6
504,2,2025,AIARE 1,Colorado,Ski,24
505,2,2025,AIARE 1,Colorado,"Ski,Splitboard",267
506,2,2025,AIARE 1,Colorado,Snowshoe,5
507,2,2025,AIARE 1,Colorado,"Snowshoe,Ski,Splitboard",105
508,2,2025,AIARE 1,Colorado ,Motorized,2
509,2,2025,AIARE 1,Idaho,Motorized,15
510,2,2025,AIARE 1,Idaho,"Ski,Splitboard",19
511,2,2025,AIARE 1,Montana,Motorized,39
512,2,2025,AIARE 1,Nevada,"Lift-Assisted,Snowshoe,Ski,Splitboard",2
513,2,2025,AIARE 1,Nevada,"Ski,Splitboard",9
514,2,2025,AIARE 1,New Hampshire,"Ski,Splitboard",11
515,2,2025,AIARE 1,New Hampshire,"Snowshoe,Ski,Splitboard",126
516,2,2025,AIARE 1,New York,"Snowshoe,Ski,Splitboard",18
517,2,2025,AIARE 1,Oregon,Motorized,3
518,2,2025,AIARE 1,Oregon,"Ski,Splitboard",73
519,2,2025,AIARE 1,Oregon,"Snowshoe,Ski,Splitboard",43
520,2,2025,AIARE 1,Utah,"Lift-Assisted,Ski,Splitboard",17
521,2,2025,AIARE 1,Utah,Motorized,14
522,2,2025,AIARE 1,Utah,"Ski,Splitboard",106
523,2,2025,AIARE 1,Utah,Snowshoe,10
524,2,2025,AIARE 1,Utah,"Snowshoe,Ski,Splitboard",11
525,2,2025,AIARE 1,Washington,"Ski,Splitboard",180
526,2,2025,AIARE 1,Washington,Snowshoe,6
527,2,2025,AIARE 1,Washington,"Snowshoe,Ski,Splitboard",211
528,2,2025,AIARE 1,Washington,Splitboard,6
529,2,2025,AIARE 1,Wyoming,"Ski,Splitboard",38
530,2,2025,AIARE 1 + Avalanche Rescue,California,"Lift-Assisted,Ski,Splitboard",11
531,2,2025,AIARE 1 + Avalanche Rescue,California,"Ski,Splitboard",19
532,2,2025,AIARE 1 + Avalanche Rescue,Colorado,Ski,18
533,2,2025,AIARE 1 + Avalanche Rescue,Colorado,"Snowshoe,Ski,Splitboard",20
534,2,2025,AIARE 1 + Avalanche Rescue,Nevada,"Lift-Assisted,Snowshoe,Ski",10
535,2,2025,AIARE 1 + Avalanche Rescue,New Mexico,"Ski,Splitboard",13
536,2,2025,AIARE 1 + Avalanche Rescue,New Mexico,Snowshoe,6
537,2,2025,AIARE 1 + Avalanche Rescue,New Mexico,"Snowshoe,Ski,Splitboard",4
538,2,2025,AIARE 1 + Avalanche Rescue,Other / International,"Lift-Assisted,Ski,Splitboard",5
539,2,2025,AIARE 1 + Avalanche Rescue,Vermont,"Ski,Splitboard,Ice/Alpine Climb",8
540,2,2025,AIARE 1 + Avalanche Rescue,Washington,Ski,4
541,2,2025,AIARE 1 + Avalanche Rescue,Washington,"Ski,Splitboard",16
542,2,2025,AIARE 1 + Avalanche Rescue,Wyoming,"Ski,Splitboard",11
543,2,2025,AIARE 2,California,"Ski,Splitboard",10
544,2,2025,AIARE 2,Colorado,"Lift-Assisted,Ski,Splitboard",4
545,2,2025,AIARE 2,Colorado,"Motorized,Ski,Splitboard",11
546,2,2025,AIARE 2,Colorado,"Ski,Splitboard",62
547,2,2025,AIARE 2,Colorado,"Snowshoe,Ski,Splitboard",4
548,2,2025,AIARE 2,Idaho,"Ski,Splitboard",7
549,2,2025,AIARE 2,New Hampshire,"Ski,Splitboard",9
550,2,2025,AIARE 2,New Hampshire,"Snowshoe,Ski,Splitboard",13
551,2,2025,AIARE 2,Oregon,"Ski,Splitboard",8
552,2,2025,AIARE 2,Utah,"Lift-Assisted,Ski,Splitboard",5
553,2,2025,AIARE 2,Washington,Ski,6
554,2,2025,AIARE 2,Washington,"Ski,Splitboard",19
555,2,2025,AIARE 2,Washington,"Snowshoe,Ski,Splitboard",25
556,2,2025,AIARE 2 + Avalanche Rescue,California,"Snowshoe,Ski,Splitboard",7
557,2,2025,AIARE 2 + Avalanche Rescue,Colorado,Motorized,4
558,2,2025,AIARE 2 + Avalanche Rescue,Colorado,"Snowshoe,Ski,Splitboard",6
559,2,2025,AIARE 2 + Avalanche Rescue,Utah,Motorized,7
560,2,2025,Avalanche Rescue,California,Lift-Assisted,16
561,2,2025,Avalanche Rescue,California,"Lift-Assisted,Ski,Splitboard",7
562,2,2025,Avalanche Rescue,California,Ski,2
563,2,2025,Avalanche Rescue,California,"Ski,Splitboard",22
564,2,2025,Avalanche Rescue,California,"Snowshoe,Ski,Splitboard",11
565,2,2025,Avalanche Rescue,Colorado,"Lift-Assisted,Ski,Splitboard",4
566,2,2025,Avalanche Rescue,Colorado,Motorized,4
567,2,2025,Avalanche Rescue,Colorado,Ski,6
568,2,2025,Avalanche Rescue,Colorado,"Ski,Splitboard",86
569,2,2025,Avalanche Rescue,Colorado,"Snowshoe,Ski",7
570,2,2025,Avalanche Rescue,Colorado,"Snowshoe,Ski,Splitboard",58
571,2,2025,Avalanche Rescue,Idaho,Motorized,23
572,2,2025,Avalanche Rescue,Idaho,"Ski,Splitboard",10
573,2,2025,Avalanche Rescue,Montana,Snowshoe,3
574,2,2025,Avalanche Rescue,Montana,"Snowshoe,Ski,Splitboard",10
575,2,2025,Avalanche Rescue,Nevada,"Lift-Assisted,Ski,Splitboard",4
576,2,2025,Avalanche Rescue,New Hampshire,"Snowshoe,Ski,Splitboard",28
577,2,2025,Avalanche Rescue,New Hampshire,"Snowshoe,Ski,Splitboard,Ice/Alpine Climb",4
578,2,2025,Avalanche Rescue,New York,"Snowshoe,Ski,Splitboard",22
579,2,2025,Avalanche Rescue,Oregon,"Ski,Splitboard",6
580,2,2025,Avalanche Rescue,Oregon,"Snowshoe,Ski,Splitboard",4
581,2,2025,Avalanche Rescue,Vermont,"Ski,Splitboard,Ice/Alpine Climb",6
582,2,2025,Avalanche Rescue,Washington,"Lift-Assisted,Ski,Splitboard",4
583,2,2025,Avalanche Rescue,Washington,Ski,1
584,2,2025,Avalanche Rescue,Washington,"Ski,Splitboard",5
585,2,2025,Avalanche Rescue,Washington,"Snowshoe,Ski,Splitboard",19
586,2,2025,Avalanche Rescue,Wyoming,"Ski,Splitboard",6
587,3,2025,AIARE 1,California,Lift-Assisted,4
588,3,2025,AIARE 1,California,"Ski,Splitboard",203
589,3,2025,AIARE 1,California,Snowshoe,6
590,3,2025,AIARE 1,California,"Snowshoe,Ski,Splitboard",18
591,3,2025,AIARE 1,California,"Snowshoe,Ski,Splitboard,Ice/Alpine Climb",12
592,3,2025,AIARE 1,California,"Snowshoe,Splitboard",9
593,3,2025,AIARE 1,Colorado,"Lift-Assisted,Ski,Splitboard",12
594,3,2025,AIARE 1,Colorado,Motorized,6
595,3,2025,AIARE 1,Colorado,"Motorized,Splitboard",1
596,3,2025,AIARE 1,Colorado,"Ski,Splitboard",255
597,3,2025,AIARE 1,Colorado,"Snowshoe,Ski,Splitboard",58
598,3,2025,AIARE 1,Colorado,Splitboard,4
599,3,2025,AIARE 1,Idaho,Lift-Assisted,7
600,3,2025,AIARE 1,Idaho,"Ski,Splitboard",31
601,3,2025,AIARE 1,Nevada,"Lift-Assisted,Ski,Splitboard",6
602,3,2025,AIARE 1,New Hampshire,"Ski,Splitboard",5
603,3,2025,AIARE 1,New Hampshire,"Snowshoe,Ski,Splitboard",114
604,3,2025,AIARE 1,Oregon,"Ski,Splitboard",19
605,3,2025,AIARE 1,Oregon,"Snowshoe,Ski,Splitboard",21
606,3,2025,AIARE 1,Quebec,Ski,3
607,3,2025,AIARE 1,Utah,"Lift-Assisted,Ski,Splitboard",15
608,3,2025,AIARE 1,Utah,Motorized,5
609,3,2025,AIARE 1,Utah,"Ski,Splitboard",32
610,3,2025,AIARE 1,Washington,"Lift-Assisted,Ski,Splitboard",4
611,3,2025,AIARE 1,Washington,"Ski,Splitboard",55
612,3,2025,AIARE 1,Washington,"Snowshoe,Ski,Splitboard",53
613,3,2025,AIARE 1,Wyoming,Motorized,14
614,3,2025,AIARE 1,Wyoming,"Ski,Splitboard",14
615,3,2025,AIARE 1 + Avalanche Rescue,California,"Lift-Assisted,Ski,Splitboard",12
616,3,2025,AIARE 1 + Avalanche Rescue,Colorado,"Snowshoe,Ski,Splitboard",6
617,3,2025,AIARE 2,California,"Ski,Splitboard",11
618,3,2025,AIARE 2,Colorado,"Motorized,Ski,Splitboard",4
619,3,2025,AIARE 2,Colorado,Ski,6
620,3,2025,AIARE 2,Colorado,"Ski,Splitboard",63
621,3,2025,AIARE 2,Nevada,"Ski,Splitboard",2
622,3,2025,AIARE 2,New Hampshire,"Ski,Splitboard",2
623,3,2025,AIARE 2,Oregon,"Lift-Assisted,Ski,Splitboard",6
624,3,2025,AIARE 2,Oregon,"Ski,Splitboard",13
625,3,2025,AIARE 2,Washington,"Ski,Splitboard",16
626,3,2025,AIARE 2,Washington,"Snowshoe,Ski,Splitboard",6
627,3,2025,AIARE 2 + Avalanche Rescue,Alaska,"Ski,Splitboard",13
628,3,2025,AIARE 2 + Avalanche Rescue,California,"Snowshoe,Ski,Splitboard",6
629,3,2025,Avalanche Rescue,California,Lift-Assisted,7
630,3,2025,Avalanche Rescue,California,"Lift-Assisted,Ski",10
631,3,2025,Avalanche Rescue,California,"Lift-Assisted,Ski,Splitboard",14
632,3,2025,Avalanche Rescue,California,"Ski,Splitboard",8
633,3,2025,Avalanche Rescue,Colorado,Motorized,14
634,3,2025,Avalanche Rescue,Colorado,"Ski,Splitboard",26
635,3,2025,Avalanche Rescue,Colorado,"Snowshoe,Ski,Splitboard",34
636,3,2025,Avalanche Rescue,Colorado,Splitboard,8
637,3,2025,Avalanche Rescue,Idaho,Motorized,8
638,3,2025,Avalanche Rescue,Montana,"Snowshoe,Ski,Splitboard",9
639,3,2025,Avalanche Rescue,Nevada,"Lift-Assisted,Ski,Splitboard",1
640,3,2025,Avalanche Rescue,New Hampshire,"Snowshoe,Ski,Splitboard",5
641,3,2025,Avalanche Rescue,Oregon,"Ski,Splitboard",3
642,3,2025,Avalanche Rescue,Oregon,"Snowshoe,Ski,Splitboard",2
643,3,2025,Avalanche Rescue,Washington,"Ski,Splitboard",12
644,3,2025,Avalanche Rescue,Washington,"Snowshoe,Ski,Splitboard",12
645,3,2025,Avalanche Rescue,Washington,"Snowshoe,Ski,Splitboard,Ice/Alpine Climb",6
646,3,2025,Avalanche Rescue,Wyoming,"Ski,Splitboard",3
647,4,2025,AIARE 1,California,"Ski,Splitboard",54
648,4,2025,AIARE 1,California,"Snowshoe,Ski,Splitboard",3
649,4,2025,AIARE 1,Colorado,"Lift-Assisted,Ski,Splitboard",12
650,4,2025,AIARE 1,Colorado,Motorized,5
651,4,2025,AIARE 1,Colorado,Ski,2
652,4,2025,AIARE 1,Colorado,"Ski,Splitboard",12
653,4,2025,AIARE 1,Colorado,"Snowshoe,Ski,Splitboard",10
654,4,2025,AIARE 1,Oregon,"Ski,Splitboard",2
655,4,2025,AIARE 1,Oregon,"Snowshoe,Ski,Splitboard",5
656,4,2025,AIARE 1,Washington,"Ski,Splitboard",12
657,4,2025,AIARE 1 + Avalanche Rescue,California,"Lift-Assisted,Ski,Splitboard",5
658,4,2025,AIARE 1 + Avalanche Rescue,California,"Ski,Splitboard",6
659,4,2025,AIARE 1 + Avalanche Rescue,Colorado,Motorized,11
660,4,2025,AIARE 1 + Avalanche Rescue,Colorado,"Snowshoe,Ski,Splitboard",1
661,4,2025,AIARE 1 + Avalanche Rescue,Vermont,"Ski,Splitboard",6
662,4,2025,AIARE 1 + Avalanche Rescue,Washington,"Ski,Splitboard",4
663,4,2025,AIARE 2,Colorado,Motorized,1
664,4,2025,AIARE 2,Colorado,"Motorized,Ski,Splitboard",5
665,4,2025,AIARE 2,Colorado,"Motorized,Splitboard",3
666,4,2025,AIARE 2,Colorado,"Ski,Splitboard",12
667,4,2025,AIARE 2,Colorado,"Snowshoe,Ski",3
668,4,2025,AIARE 2 + Avalanche Rescue,Colorado,Motorized,6
669,4,2025,Avalanche Rescue,California,"Lift-Assisted,Ski,Splitboard",3
670,4,2025,Avalanche Rescue,California,"Ski,Splitboard",1
671,4,2025,Avalanche Rescue,Idaho,Lift-Assisted,5
672,4,2025,Avalanche Rescue,Washington,"Ski,Splitboard",3
673,5,2025,AIARE 1,Oregon,"Snowshoe,Ski,Splitboard",7
674,5,2025,AIARE 1,Oregon,"Snowshoe,Ski,Splitboard,Ice/Alpine Climb",4
675,5,2025,Avalanche Rescue,Washington,Ski,2
676,8,2025,AIARE 1,Alaska,"Ski,Splitboard",12
677,8,2025,AIARE 1,Utah,Motorized,12
678,8,2025,AIARE 2,Alaska,"Ski,Splitboard",3
679,8,2025,Avalanche Rescue,Alaska,"Ski,Splitboard",2
680,12,2025,AIARE 1,California,Ski,4
681,12,2025,AIARE 1,California,"Ski,Splitboard",34
682,12,2025,AIARE 1,California,"Snowshoe,Ski,Splitboard",9
683,12,2025,AIARE 1,Colorado,"Assisted-Access Ski/Board (Cat/Lift/Moto),Ski,Splitboard",43
684,12,2025,AIARE 1,Colorado,Ice/Alpine Climb,3
685,12,2025,AIARE 1,Colorado,Motorized,6
686,12,2025,AIARE 1,Colorado,Ski,11
687,12,2025,AIARE 1,Colorado,"Ski,Splitboard",141
688,12,2025,AIARE 1,Colorado,"Snowshoe,Ski,Splitboard",60
689,12,2025,AIARE 1,Colorado,"Snowshoe,Ski,Splitboard,Ice/Alpine Climb",7
690,12,2025,AIARE 1,Idaho,Motorized,12
691,12,2025,AIARE 1,Idaho,"Ski,Splitboard",12
692,12,2025,AIARE 1,Montana,"Ski,Splitboard",8
693,12,2025,AIARE 1,New Hampshire,Ski,11
694,12,2025,AIARE 1,New Hampshire,"Ski,Splitboard",6
695,12,2025,AIARE 1,New Hampshire,"Snowshoe,Ski,Splitboard",56
696,12,2025,AIARE 1,Oregon,"Ski,Splitboard",12
697,12,2025,AIARE 1,Oregon,"Snowshoe,Ski,Splitboard",3
698,12,2025,AIARE 1,Utah,"Assisted-Access Ski/Board (Cat/Lift/Moto),Ski,Splitboard",31
699,12,2025,AIARE 1,Utah,Motorized,19
700,12,2025,AIARE 1,Utah,"Ski,Splitboard",103
701,12,2025,AIARE 1,Washington,"Ski,Splitboard",51
702,12,2025,AIARE 1,Washington,Snowshoe,14
703,12,2025,AIARE 1,Washington,"Snowshoe,Ski,Splitboard",53
704,12,2025,AIARE 1,Wyoming,"Ski,Splitboard",39
705,12,2025,AIARE 1 + Avalanche Rescue,California,"Ski,Splitboard",4
706,12,2025,AIARE 1 + Avalanche Rescue,California,"Ski,Splitboard,Assisted-Access Ski/Board (Cat/Lift/Moto)",6
707,12,2025,AIARE 1 + Avalanche Rescue,Colorado,Motorized,17
708,12,2025,AIARE 1 + Avalanche Rescue,Colorado,"Snowshoe,Ski,Splitboard",12
709,12,2025,AIARE 1 + Avalanche Rescue,Washington,"Ski,Splitboard",5
710,12,2025,AIARE 2,Idaho,Motorized,6
711,12,2025,AIARE 2,Utah,"Ski,Splitboard",4
712,12,2025,AIARE 2,Washington,"Ski,Splitboard",7
713,12,2025,AIARE 2,Washington,"Snowshoe,Ski,Splitboard",5
714,12,2025,Avalanche Rescue,California,"Ski,Splitboard",7
715,12,2025,Avalanche Rescue,California,"Ski,Splitboard,Assisted-Access Ski/Board (Cat/Lift/Moto)",1
716,12,2025,Avalanche Rescue,California,"Snowshoe,Ski,Splitboard",4
717,12,2025,Avalanche Rescue,Colorado,"Assisted-Access Ski/Board (Cat/Lift/Moto),Ski",6
718,12,2025,Avalanche Rescue,Colorado,"Assisted-Access Ski/Board (Cat/Lift/Moto),Ski,Splitboard",9
719,12,2025,Avalanche Rescue,Colorado,"Ski,Splitboard",39
720,12,2025,Avalanche Rescue,Colorado,"Snowshoe,Ski",12
721,12,2025,Avalanche Rescue,Colorado,"Snowshoe,Ski,Splitboard",27
722,12,2025,Avalanche Rescue,Idaho,Motorized,10
723,12,2025,Avalanche Rescue,Idaho,"Ski,Splitboard",4
724,12,2025,Avalanche Rescue,New Hampshire,"Snowshoe,Ski,Splitboard",19
725,12,2025,Avalanche Rescue,Oregon,"Snowshoe,Ski,Splitboard",3
726,12,2025,Avalanche Rescue,Utah,"Assisted-Access Ski/Board (Cat/Lift/Moto),Ski,Splitboard",12
727,12,2025,Avalanche Rescue,Utah,"Ski,Splitboard",33
728,12,2025,Avalanche Rescue,Washington,"Ski,Splitboard",6
729,12,2025,Avalanche Rescue,Washington,"Snowshoe,Ski,Splitboard",31
730,12,2025,Avalanche Rescue,Wyoming,Motorized,12
731,12,2025,Avalanche Rescue,Wyoming,"Ski,Splitboard",11
732,1,2026,AIARE 1,California,Ski,12
733,1,2026,AIARE 1,California,"Ski,Splitboard",324
734,1,2026,AIARE 1,California,Snowshoe,3
735,1,2026,AIARE 1,California,"Snowshoe,Ski,Splitboard",52
736,1,2026,AIARE 1,California,"Snowshoe,Ski,Splitboard,Ice/Alpine Climb",23
737,1,2026,AIARE 1,California,Splitboard,12
738,1,2026,AIARE 1,Colorado,Assisted-Access Ski/Board (Cat/Lift/Moto),17
739,1,2026,AIARE 1,Colorado,"Assisted-Access Ski/Board (Cat/Lift/Moto),Ski,Splitboard",56
740,1,2026,AIARE 1,Colorado,Ice/Alpine Climb,3
741,1,2026,AIARE 1,Colorado,Motorized,18
742,1,2026,AIARE 1,Colorado,Ski,17
743,1,2026,AIARE 1,Colorado,"Ski,Splitboard",397
744,1,2026,AIARE 1,Colorado,"Ski,Splitboard,Ice/Alpine Climb",14
745,1,2026,AIARE 1,Colorado,"Snowshoe,Ski",5
746,1,2026,AIARE 1,Colorado,"Snowshoe,Ski,Splitboard",156
747,1,2026,AIARE 1,Colorado,"Snowshoe,Ski,Splitboard,Ice/Alpine Climb",31
748,1,2026,AIARE 1,Colorado,Splitboard,13
749,1,2026,AIARE 1,Idaho,Motorized,25
750,1,2026,AIARE 1,Idaho,"Ski,Splitboard",79
751,1,2026,AIARE 1,Idaho,"Snowshoe,Ski,Splitboard",5
752,1,2026,AIARE 1,Montana,Motorized,2
753,1,2026,AIARE 1,Montana,"Ski,Splitboard",9
754,1,2026,AIARE 1,Nevada,"Assisted-Access Ski/Board (Cat/Lift/Moto),Ski",9
755,1,2026,AIARE 1,Nevada,"Ski,Splitboard",5
756,1,2026,AIARE 1,New Hampshire,Ski,1
757,1,2026,AIARE 1,New Hampshire,"Ski,Splitboard",29
758,1,2026,AIARE 1,New Hampshire,"Snowshoe,Ski,Splitboard",132
759,1,2026,AIARE 1,New York,"Snowshoe,Ski,Splitboard",11
760,1,2026,AIARE 1,Oregon,Motorized,3
761,1,2026,AIARE 1,Oregon,"Ski,Splitboard",111
762,1,2026,AIARE 1,Oregon,"Snowshoe,Ski,Splitboard",36
763,1,2026,AIARE 1,Utah,Assisted-Access Ski/Board (Cat/Lift/Moto),2
764,1,2026,AIARE 1,Utah,"Assisted-Access Ski/Board (Cat/Lift/Moto),Ski,Splitboard",10
765,1,2026,AIARE 1,Utah,Motorized,4
766,1,2026,AIARE 1,Utah,"Ski,Splitboard",157
767,1,2026,AIARE 1,Utah,"Snowshoe,Ski,Splitboard",9
768,1,2026,AIARE 1,Washington,"Assisted-Access Ski/Board (Cat/Lift/Moto),Snowshoe",3
769,1,2026,AIARE 1,Washington,Ski,2
770,1,2026,AIARE 1,Washington,"Ski,Splitboard",278
771,1,2026,AIARE 1,Washington,Snowshoe,42
772,1,2026,AIARE 1,Washington,"Snowshoe,Ski",15
773,1,2026,AIARE 1,Washington,"Snowshoe,Ski,Splitboard",384
774,1,2026,AIARE 1,Wyoming,Motorized,3
775,1,2026,AIARE 1,Wyoming,"Ski,Splitboard",71
776,1,2026,AIARE 1 + Avalanche Rescue,California,"Ski,Splitboard",8
777,1,2026,AIARE 1 + Avalanche Rescue,California,"Ski,Splitboard,Assisted-Access Ski/Board (Cat/Lift/Moto)",13
778,1,2026,AIARE 1 + Avalanche Rescue,Colorado,Ski,11
779,1,2026,AIARE 1 + Avalanche Rescue,Colorado,"Snowshoe,Ski,Splitboard",78
780,1,2026,AIARE 1 + Avalanche Rescue,Idaho,"Ski,Splitboard",15
781,1,2026,AIARE 1 + Avalanche Rescue,Oregon,"Ski,Splitboard",14
782,1,2026,AIARE 1 + Avalanche Rescue,Vermont,"Ski,Splitboard,Ice/Alpine Climb",10
783,1,2026,AIARE 1 + Avalanche Rescue,Vermont,"Snowshoe,Ski,Splitboard",13
784,1,2026,AIARE 1 + Avalanche Rescue,Washington,"Ski,Splitboard",40
785,1,2026,AIARE 2,California,"Ski,Splitboard",40
786,1,2026,AIARE 2,Colorado,"Ski,Splitboard",7
787,1,2026,AIARE 2,Colorado,"Snowshoe,Ski,Splitboard",6
788,1,2026,AIARE 2,Idaho,"Ski,Splitboard",9
789,1,2026,AIARE 2,Montana,Motorized,5
790,1,2026,AIARE 2,Montana,"Ski,Splitboard",5
791,1,2026,AIARE 2,New Hampshire,"Ski,Splitboard",1
792,1,2026,AIARE 2,Oregon,"Ski,Splitboard",5
793,1,2026,AIARE 2,Utah,"Ski,Splitboard",15
794,1,2026,AIARE 2,Washington,Ski,4
795,1,2026,AIARE 2,Washington,"Ski,Splitboard",11
796,1,2026,AIARE 2,Washington,"Snowshoe,Ski,Splitboard",22
797,1,2026,AIARE 2,Wyoming,"Ski,Splitboard",19
798,1,2026,AIARE 2 + Avalanche Rescue,California,"Snowshoe,Ski,Splitboard",5
799,1,2026,AIARE 2 + Avalanche Rescue,Oregon,"Ski,Splitboard",10
800,1,2026,Avalanche Rescue,California,Assisted-Access Ski/Board (Cat/Lift/Moto),4
801,1,2026,Avalanche Rescue,California,Ski,11
802,1,2026,Avalanche Rescue,California,"Ski,Splitboard",103
803,1,2026,Avalanche Rescue,California,"Snowshoe,Ski,Splitboard",21
804,1,2026,Avalanche Rescue,Colorado,Assisted-Access Ski/Board (Cat/Lift/Moto),3
805,1,2026,Avalanche Rescue,Colorado,"Assisted-Access Ski/Board (Cat/Lift/Moto),Ski,Splitboard",11
806,1,2026,Avalanche Rescue,Colorado,Motorized,19
807,1,2026,Avalanche Rescue,Colorado,"Motorized,Assisted-Access Ski/Board (Cat/Lift/Moto)",6
808,1,2026,Avalanche Rescue,Colorado,"Ski,Splitboard",107
809,1,2026,Avalanche Rescue,Colorado,"Ski,Splitboard,Snowshoe",5
810,1,2026,Avalanche Rescue,Colorado,Snowshoe,10
811,1,2026,Avalanche Rescue,Colorado,"Snowshoe,Ski",12
812,1,2026,Avalanche Rescue,Colorado,"Snowshoe,Ski,Splitboard",50
813,1,2026,Avalanche Rescue,Idaho,Motorized,5
814,1,2026,Avalanche Rescue,Idaho,"Ski,Splitboard",41
815,1,2026,Avalanche Rescue,Montana,Motorized,5
816,1,2026,Avalanche Rescue,Montana,"Snowshoe,Ski,Splitboard",14
817,1,2026,Avalanche Rescue,Nevada,"Assisted-Access Ski/Board (Cat/Lift/Moto),Ski,Splitboard",3
818,1,2026,Avalanche Rescue,New Hampshire,"Ski,Splitboard",3
819,1,2026,Avalanche Rescue,New Hampshire,"Snowshoe,Ski,Splitboard",19
820,1,2026,Avalanche Rescue,New Hampshire,"Snowshoe,Ski,Splitboard,Ice/Alpine Climb",10
821,1,2026,Avalanche Rescue,New York,"Snowshoe,Ski,Splitboard",10
822,1,2026,Avalanche Rescue,Oregon,Motorized,3
823,1,2026,Avalanche Rescue,Oregon,"Ski,Splitboard",47
824,1,2026,Avalanche Rescue,Oregon,"Snowshoe,Ski,Splitboard",13
825,1,2026,Avalanche Rescue,Utah,"Ski,Splitboard",28
826,1,2026,Avalanche Rescue,Utah,"Snowshoe,Ski,Splitboard",10
827,1,2026,Avalanche Rescue,Vermont,"Snowshoe,Ski,Splitboard",5
828,1,2026,Avalanche Rescue,Washington,"Ski,Splitboard",25
829,1,2026,Avalanche Rescue,Washington,"Ski,Splitboard,Snowshoe",6
830,1,2026,Avalanche Rescue,Washington,Snowshoe,15
831,1,2026,Avalanche Rescue,Washington,"Snowshoe,Ski,Splitboard",90
832,1,2026,Avalanche Rescue,Wyoming,"Ski,Splitboard",23
833,2,2026,AIARE 1,California,Assisted-Access Ski/Board (Cat/Lift/Moto),6
834,2,2026,AIARE 1,California,"Assisted-Access Ski/Board (Cat/Lift/Moto),Ski,Splitboard",12
835,2,2026,AIARE 1,California,"Ski,Splitboard",175
836,2,2026,AIARE 1,California,Snowshoe,3
837,2,2026,AIARE 1,California,"Snowshoe,Ski,Splitboard",36
838,2,2026,AIARE 1,Colorado,Assisted-Access Ski/Board (Cat/Lift/Moto),2
839,2,2026,AIARE 1,Colorado,"Assisted-Access Ski/Board (Cat/Lift/Moto),Ski,Splitboard",12
840,2,2026,AIARE 1,Colorado,Motorized,11
841,2,2026,AIARE 1,Colorado,Ski,20
842,2,2026,AIARE 1,Colorado,"Ski,Splitboard",250
843,2,2026,AIARE 1,Colorado,Snowshoe,8
844,2,2026,AIARE 1,Colorado,"Snowshoe,Ski,Splitboard",99
845,2,2026,AIARE 1,Idaho,Motorized,9
846,2,2026,AIARE 1,Idaho,Ski,9
847,2,2026,AIARE 1,Idaho,"Ski,Splitboard",24
848,2,2026,AIARE 1,Montana,Motorized,8
849,2,2026,AIARE 1,Montana,"Ski,Splitboard",5
850,2,2026,AIARE 1,Nevada,"Assisted-Access Ski/Board (Cat/Lift/Moto),Snowshoe,Ski,Splitboard",5
851,2,2026,AIARE 1,Nevada,"Ski,Splitboard",8
852,2,2026,AIARE 1,New Hampshire,"Ski,Splitboard",29
853,2,2026,AIARE 1,New Hampshire,"Snowshoe,Ski,Splitboard",56
854,2,2026,AIARE 1,New York,"Snowshoe,Ski,Splitboard",10
855,2,2026,AIARE 1,Oregon,Motorized,7
856,2,2026,AIARE 1,Oregon,"Ski,Splitboard",61
857,2,2026,AIARE 1,Oregon,"Snowshoe,Ski,Splitboard",4
858,2,2026,AIARE 1,Utah,Ski,1
859,2,2026,AIARE 1,Utah,"Ski,Splitboard",58
860,2,2026,AIARE 1,Washington,Ski,6
861,2,2026,AIARE 1,Washington,"Ski,Splitboard",83
862,2,2026,AIARE 1,Washington,Snowshoe,9
863,2,2026,AIARE 1,Washington,"Snowshoe,Ski,Splitboard",172
864,2,2026,AIARE 1,Washington,Splitboard,3
865,2,2026,AIARE 1,Wyoming,"Ski,Splitboard",22
866,2,2026,AIARE 1 + Avalanche Rescue,California,"Ski,Splitboard",6
867,2,2026,AIARE 1 + Avalanche Rescue,Colorado,Ski,22
868,2,2026,AIARE 1 + Avalanche Rescue,Colorado,"Snowshoe,Ski,Splitboard",32
869,2,2026,AIARE 1 + Avalanche Rescue,New Mexico,"Assisted-Access Ski/Board (Cat/Lift/Moto),Ski,Splitboard",1
870,2,2026,AIARE 1 + Avalanche Rescue,New Mexico,"Ski,Splitboard",4
871,2,2026,AIARE 1 + Avalanche Rescue,Oregon,"Ski,Splitboard",2
872,2,2026,AIARE 1 + Avalanche Rescue,Vermont,"Ski,Splitboard",10
873,2,2026,AIARE 1 + Avalanche Rescue,Vermont,"Ski,Splitboard,Ice/Alpine Climb",12
874,2,2026,AIARE 1 + Avalanche Rescue,Washington,"Ski,Splitboard",2
875,2,2026,AIARE 1 + Avalanche Rescue,Xinjiang,"Ski,Splitboard",13
876,2,2026,AIARE 1 + Avalanche Rescue,Xinjiang,"Snowshoe,Ski,Splitboard",14
877,2,2026,AIARE 2,California,"Ski,Splitboard",4
878,2,2026,AIARE 2,California,"Snowshoe,Ski,Splitboard,Ice/Alpine Climb",2
879,2,2026,AIARE 2,Colorado,"Assisted-Access Ski/Board (Cat/Lift/Moto),Ski,Splitboard",6
880,2,2026,AIARE 2,Colorado,"Ski,Splitboard",61
881,2,2026,AIARE 2,Colorado,"Ski,Splitboard,Ice/Alpine Climb",1
882,2,2026,AIARE 2,Colorado,"Snowshoe,Ski,Splitboard",10
883,2,2026,AIARE 2,Idaho,Motorized,9
884,2,2026,AIARE 2,Idaho,"Ski,Splitboard",18
885,2,2026,AIARE 2,Nevada,"Assisted-Access Ski/Board (Cat/Lift/Moto),Snowshoe,Ski,Splitboard",7
886,2,2026,AIARE 2,New Hampshire,"Ski,Splitboard",3
887,2,2026,AIARE 2,Oregon,"Ski,Splitboard",7
888,2,2026,AIARE 2,Utah,"Ski,Splitboard",4
889,2,2026,AIARE 2,Washington,"Ski,Splitboard",9
890,2,2026,AIARE 2,Washington,"Snowshoe,Ski,Splitboard",5
891,2,2026,AIARE 2,Wyoming,"Ski,Splitboard",7
892,2,2026,AIARE 2 + Avalanche Rescue,Colorado,"Ski,Splitboard",4
893,2,2026,AIARE 2 + Avalanche Rescue,Idaho,Motorized,5
894,2,2026,Avalanche Rescue,California,Ski,11
895,2,2026,Avalanche Rescue,California,"Ski,Splitboard",20
896,2,2026,Avalanche Rescue,California,Splitboard,3
897,2,2026,Avalanche Rescue,Colorado,"Assisted-Access Ski/Board (Cat/Lift/Moto),Ski,Splitboard",3
898,2,2026,Avalanche Rescue,Colorado,Motorized,3
899,2,2026,Avalanche Rescue,Colorado,"Motorized,Ski,Splitboard",6
900,2,2026,Avalanche Rescue,Colorado,"Ski,Splitboard",35
901,2,2026,Avalanche Rescue,Colorado,"Snowshoe,Ski,Splitboard",24
902,2,2026,Avalanche Rescue,Colorado,"Snowshoe,Ski,Splitboard,Ice/Alpine Climb",5
903,2,2026,Avalanche Rescue,Idaho,Motorized,20
904,2,2026,Avalanche Rescue,Idaho,"Ski,Splitboard",11
905,2,2026,Avalanche Rescue,Nevada,Assisted-Access Ski/Board (Cat/Lift/Moto),1
906,2,2026,Avalanche Rescue,Nevada,"Assisted-Access Ski/Board (Cat/Lift/Moto),Snowshoe,Ski,Splitboard",13
907,2,2026,Avalanche Rescue,Nevada,"Ski,Splitboard",5
908,2,2026,Avalanche Rescue,New Hampshire,"Snowshoe,Ski,Splitboard",23
909,2,2026,Avalanche Rescue,New Hampshire,"Snowshoe,Ski,Splitboard,Ice/Alpine Climb",9
910,2,2026,Avalanche Rescue,New Mexico,"Motorized,Assisted-Access Ski/Board (Cat/Lift/Moto),Snowshoe,Ski,Splitboard,Ice/Alpine Climb",2
911,2,2026,Avalanche Rescue,New Mexico,"Motorized,Snowshoe,Ski,Splitboard",3
912,2,2026,Avalanche Rescue,New York,"Snowshoe,Ski,Splitboard",11
913,2,2026,Avalanche Rescue,Oregon,Motorized,4
914,2,2026,Avalanche Rescue,Oregon,"Ski,Splitboard",18
915,2,2026,Avalanche Rescue,Oregon,"Ski,Splitboard,Snowshoe",3
916,2,2026,Avalanche Rescue,Oregon,"Snowshoe,Ski,Splitboard",10
917,2,2026,Avalanche Rescue,Utah,"Ski,Splitboard",12
918,2,2026,Avalanche Rescue,Vermont,"Ski,Splitboard,Ice/Alpine Climb",6
919,2,2026,Avalanche Rescue,Washington,"Ski,Splitboard",4
920,2,2026,Avalanche Rescue,Washington,"Snowshoe,Ski,Splitboard",7
921,2,2026,Avalanche Rescue,Wyoming,"Ski,Splitboard",9
922,3,2026,AIARE 1,California,"Assisted-Access Ski/Board (Cat/Lift/Moto),Ski,Splitboard",8
923,3,2026,AIARE 1,California,"Ski,Splitboard",55
924,3,2026,AIARE 1,California,"Snowshoe,Ski,Splitboard",3
925,3,2026,AIARE 1,California,"Snowshoe,Ski,Splitboard,Ice/Alpine Climb",4
926,3,2026,AIARE 1,Colorado,"Assisted-Access Ski/Board (Cat/Lift/Moto),Ski,Splitboard",3
927,3,2026,AIARE 1,Colorado,Motorized,10
928,3,2026,AIARE 1,Colorado,Ski,4
929,3,2026,AIARE 1,Colorado,"Ski,Splitboard",75
930,3,2026,AIARE 1,Colorado,"Snowshoe,Ski,Splitboard",15
931,3,2026,AIARE 1,Idaho,Motorized,8
932,3,2026,AIARE 1,Idaho,"Ski,Splitboard",3
933,3,2026,AIARE 1,Nevada,"Assisted-Access Ski/Board (Cat/Lift/Moto),Ski,Splitboard",3
934,3,2026,AIARE 1,New Hampshire,"Ski,Splitboard",12
935,3,2026,AIARE 1,New Hampshire,"Snowshoe,Ski,Splitboard",12
936,3,2026,AIARE 1,Oregon,"Ski,Splitboard",15
937,3,2026,AIARE 1,Oregon,"Snowshoe,Ski,Splitboard",12
938,3,2026,AIARE 1,Washington,"Ski,Splitboard",5
939,3,2026,AIARE 1,Washington,Snowshoe,8
940,3,2026,AIARE 1,Washington,"Snowshoe,Ski,Splitboard",80
941,3,2026,AIARE 1 + Avalanche Rescue,Colorado,"Ski,Splitboard",9
942,3,2026,AIARE 1 + Avalanche Rescue,Colorado,"Snowshoe,Ski,Splitboard",5
943,3,2026,AIARE 2,California,"Ski,Splitboard",3
944,3,2026,AIARE 2,Colorado,Assisted-Access Ski/Board (Cat/Lift/Moto),2
945,3,2026,AIARE 2,Colorado,"Assisted-Access Ski/Board (Cat/Lift/Moto),Ski,Splitboard",5
946,3,2026,AIARE 2,Colorado,"Ski,Splitboard",16
947,3,2026,AIARE 2,Oregon,"Ski,Splitboard",5
948,3,2026,AIARE 2,Utah,Ski,2
949,3,2026,AIARE 2,Washington,"Ski,Splitboard",24
950,3,2026,AIARE 2 + Avalanche Rescue,Colorado,"Ski,Splitboard",1
951,3,2026,Avalanche Rescue,Alabama,Ice/Alpine Climb,1
952,3,2026,Avalanche Rescue,California,"Ski,Splitboard",15
953,3,2026,Avalanche Rescue,California,"Snowshoe,Ski,Splitboard",1
954,3,2026,Avalanche Rescue,Colorado,"Ski,Splitboard",7
955,3,2026,Avalanche Rescue,Colorado,"Snowshoe,Ski,Splitboard",25
956,3,2026,Avalanche Rescue,Nevada,"Assisted-Access Ski/Board (Cat/Lift/Moto),Snowshoe,Ski,Splitboard",3
957,3,2026,Avalanche Rescue,New Hampshire,"Snowshoe,Ski,Splitboard",6
958,3,2026,Avalanche Rescue,Oregon,"Snowshoe,Ski,Splitboard",3
959,3,2026,Avalanche Rescue,Vermont,"Ski,Splitboard,Ice/Alpine Climb",3
960,3,2026,Avalanche Rescue,Washington,"Ski,Splitboard",2
961,3,2026,Avalanche Rescue,Washington,"Snowshoe,Ski,Splitboard",8
